,param_bootstrap,param_max_depth,param_n_estimators,mean_test_score,,,,,
0,TRUE,10,10,0.782605092,4,FALSE,10,10,0.78591871
1,TRUE,10,20,0.785277409,5,FALSE,10,20,0.786940157
2,TRUE,20,10,0.799315847,6,FALSE,20,10,0.804838654
3,TRUE,20,20,0.810076369,7,FALSE,20,20,0.813247491
